kanji,unicode,stroke_number,jlpt,on_readings,kun_readings,name_readings
愛,611B,13,N3,アイ,いと.しい; お.しむ; かな.しい; まな; め.でる,あ; あし; え; かな; ちか; なる; めぐ; めぐみ; よし
委,59D4,8,N2,イ,ゆだ.ねる,まかせ
壱,58F1,7,N1,イチ; イツ,ひとつ,い; かず
雲,96F2,12,N2,ウン,-ぐも; くも,き; ずも; のめ
円,5186,4,N5,エン,まど; まど.か; まる; まる.い; まろ.やか,つぶら; のぶ; まどか; みつ
王,738B,4,N3,-ノウ; オウ,,おお; おおきみ; わ
何,4F55,7,N5,カ,なに; なに-; なん; なん-,あが
火,706B,4,N5,カ,-び; ひ; ほ-,
会,4F1A,6,N4,エ; カイ,あ.う; あ.わせる; あつ.まる,あい; い
階,968E,12,N2,カイ,きざはし,しな; と; はし
革,9769,9,N2,カク,かわ,
官,5B98,8,N3,カン,,
館,9928,16,N4,カン,たて; やかた,たち
希,5E0C,7,N2,キ; ケ,こいねが.う; まれ,のぞ; のぞみ
記,8A18,10,N3,キ,しる.す,のり
休,4F11,6,N5,キュウ,やす.まる; やす.む; やす.める,
牛,725B,4,N4,ギュウ,うし,うじ; ご
共,5171,6,N3,キョウ,-ども; とも; とも.に,
曲,66F2,6,N3,キョク,くま; ま.がる; ま.げる,まがた
句,53E5,5,N1,ク,,すく
係,4FC2,9,N3,ケイ,-がかり; かか.る; かか.わる; かかり,
芸,82B8,7,N2,ウン; ゲイ,う.える; のり; わざ,き; げ; なり
券,5238,8,N2,ケン,,
険,967A,11,N3,ケン,けわ.しい,
古,53E4,5,N4,コ,-ふる.す; ふる-; ふる.い,ふゆ
語,8A9E,14,N5,ゴ,かた.らう; かた.る,
口,53E3,3,N4,ク; コウ,くち,
港,6E2F,12,N3,コウ,みなと,
合,5408,6,N3,カッ; ガッ; ゴウ,-あ.い; -あ.う; -あ.わせる; -あい; あ.い; あ.う; あ.わす; あ.わせる; あい-,あう; あん; い; か; こう; ごお; に; ね; や; わい
査,67FB,9,N2,サ,,
菜,83DC,11,N2,サイ,な,よう
刷,5237,8,N2,サツ,-ず.り; -ずり; す.る; は.く,
蚕,8695,10,N1,サン; テン,かいこ; こ,
始,59CB,8,N4,シ,-はじ.める; はじ.まる; はじ.める,もと
死,6B7B,6,N4,シ,し.に-; し.ぬ,
資,8CC7,13,N3,シ,,すけ; もと
治,6CBB,8,N3,ジ; チ,おさ.まる; おさ.める; なお.す; なお.る,し; ぢ; はり; はる; みち
質,8CEA,15,N4,シチ; シツ; チ,ただ.す; たち; もと; わりふ,
弱,5F31,10,N2,ジャク,よわ.い; よわ.まる; よわ.める; よわ.る,
需,9700,14,N1,ジュ,,
習,7FD2,11,N4,シュウ; ジュ,なら.い; なら.う,
出,51FA,5,N5,シュツ; スイ,-だ.す; -で; い.だす; い.でる; だ.す; で.る,いず; いづ; いで; じ; すっ; すつ; てん
暑,6691,12,N1,ショ,あつ.い,
小,5C0F,3,N5,ショウ,お-; こ-; さ-; ちい.さい,いさら; こう; さざ; しゃお; ちいさ
章,7AE0,11,N2,ショウ,,あき; あきら; あや; ふみ
状,72B6,7,N3,ジョウ,,
深,6DF1,11,N3,シン,-ぶか.い; ふか.い; ふか.まる; ふか.める; み-,
図,56F3,7,N4,ズ; ト,え; はか.る,づ
政,653F,9,N3,ショウ; セイ,まつりごと; まん,ただ; まさ
製,88FD,14,N1,セイ,,
責,8CAC,11,N3,セキ,せ.める,
舌,820C,6,N1,ゼツ,した,
選,9078,15,N3,セン,え.る; えら.ぶ; よ.る,
倉,5009,10,N1,ソウ,くら,
増,5897,14,N3,ゾウ,ふ.える; ふ.やす; ま.し; ま.す,まし; ます
属,5C5E,12,N1,ショク; ゾク,さかん; つく; やから,さっか; つき
多,591A,6,N4,タ,おお.い; まさ.に; まさ.る,
隊,968A,12,N1,タイ,,
短,77ED,12,N2,タン,みじか.い,
竹,7AF9,6,N2,チク,たけ,たか
貯,8CAF,12,N2,チョ,た.める; たくわ.える,
直,76F4,8,N3,ジカ; ジキ; チョク,-なお.す; す.ぐ; ただ.ちに; なお.き; なお.す; なお.る,すぐ; なお; のう; のお
提,63D0,12,N1,ダイ; チョウ; テイ,さ.げる,
転,8EE2,11,N4,テン,うたた; うつ.る; くる.めく; ころ.がす; ころ.がる; ころ.げる; ころ.ぶ; まろ.ぶ,
土,571F,3,N5,ト; ド,つち,つく; は; ひじ
等,7B49,12,N3,トウ,-ら; など; ひと.しい,と; ひ
童,7AE5,12,N2,ドウ,わらべ,ぱ
内,5185,4,N3,ダイ; ナイ,うち,いと; ただ; ち; のち
熱,71B1,15,N3,ネツ,あつ.い,あた
馬,99AC,10,N3,バ,うま; うま-; ま,た; ばん; め; も
畑,7551,9,,,-ばたけ; はた; はたけ,かま; まま
番,756A,12,N3,バン,つが.い,は; ま
美,7F8E,9,N3,ビ; ミ,うつく.しい,はる; よし; よしみ; り
評,8A55,12,N1,ヒョウ,,
布,5E03,5,N2,フ; ホ,きれ; し.く; ぬの,う; の; ほ
福,798F,13,N3,フク,,とし; とみ; ふ; ふき; ふっ; ぼく; よし
弁,5F01,5,N1,ヘン; ベン,あらそ.う; かんむり; はなびら; わ.ける; わきま.える,べ
法,6CD5,8,N3,ハッ; フラン; ホウ; ホッ,のり,ほ
毎,6BCE,6,N5,マイ,-ごと.に; ごと,つね
名,540D,6,N5,ミョウ; メイ,-な; な,と
目,76EE,5,N4,ボク; モク,-め; ま-; め,さかん; さがん; さっか; さつか
輸,8F38,16,N2,シュ; ユ,,
容,5BB9,10,N3,ヨウ,い.れる,かた; ひろ; まさ
浴,6D74,10,N2,ヨク,あ.びせる; あ.びる,えき; さこ
略,7565,11,N2,リャク,おか.す; おさ.める; はか.る; はかりごと; はぶ.く; ほぼ,
縁,7E01,15,N1,-ネン; エン,えにし; ふち; ふち.どる; へり; ゆかり; よすが,
列,5217,6,N3,レ; レツ,,れっ
話,8A71,13,N5,ワ,はな.す; はなし,
悪,60AA,11,N4,アク; オ,-にく.い; あ.し; ああ; いずくに; いずくんぞ; にく.い; にく.む; わる-; わる.い,
意,610F,13,N4,イ,,もと; よし
印,5370,6,N2,イン,-じるし; しる.す; しるし,
営,55B6,12,N2,エイ,いとな.み; いとな.む,
園,5712,13,N3,エン,その,おん; ぞの
黄,9EC4,11,N2,オウ; コウ,き; こ-,うい; れい
価,4FA1,8,N1,カ; ケ,あたい,
花,82B1,7,N4,カ; ケ,はな,わ
解,89E3,13,N3,カイ; ゲ,さと.る; と.かす; と.く; と.ける; ほど.く; ほど.ける; わか.る,さとる; とけ
貝,8C9D,7,N2,バイ,かい,
学,5B66,8,N5,ガク,まな.ぶ,たか; のり
幹,5E79,13,N1,カン,みき,えだ; き; くる; たかし; つね; つよし; とも; まさ; み; もと; もとき; よし; より
岸,5CB8,8,N2,ガン,きし,けし
旗,65D7,14,N1,キ,はた,
貴,8CB4,12,N1,キ,たっと.い; たっと.ぶ; とうと.い; とうと.ぶ,きよ; ぎ; たか; たかし; よし
宮,5BAE,10,N1,キュウ; ク; クウ; グウ,みや,ぐ; み
去,53BB,5,N4,キョ; コ,-さ.る; さ.る,い
協,5354,8,N2,キョウ,,
極,6975,12,N2,キョク; ゴク,-ぎ.め; き.まる; き.める; きわ.まり; きわ.まる; きわ.み; きわ.める,
区,533A,4,N2,オウ; ク; コウ,,
兄,5144,5,N4,キョウ; ケイ,あに,え; せ; よし
欠,6B20,4,N3,ケツ; ケン,か.く; か.ける,
建,5EFA,9,N4,ケン; コン,-だ.て; た.つ; た.て; た.てる,たけ; たつ; たて
験,9A13,18,N4,ケン; ゲン,あかし; しるし; ため.す; ためし,
固,56FA,8,N2,コ,かた.い; かた.まり; かた.まる; かた.める,
誤,8AA4,14,N3,ゴ,-あやま.る; あやま.る,
向,5411,6,N3,コウ,-む.き; -む.け; む.い; む.かい; む.かう; む.く; む.ける; む.こう; む.こう-; むか.い; むこ,こお; た; な; むか; むかい; むこう
皇,7687,9,N1,オウ; コウ,,おうじ; おお; み
告,544A,7,N3,コク,つ.げる,い
再,518D,6,N2,サ; サイ,ふたた.び,ふた
際,969B,14,N3,サイ,-ぎわ; きわ,わ
察,5BDF,14,N3,サツ,,
賛,8CDB,15,N3,サン,たす.ける; たた.える,
姉,59C9,8,N4,シ,あね; はは,
氏,6C0F,4,N1,シ,-うじ; うじ,
歯,6B6F,12,N3,シ,は; よわ.い; よわい; よわい.する,
示,793A,5,N3,シ; ジ,しめ.す,
実,5B9F,8,N3,シツ; ジツ,まこと; み; みち.る; みの; みの.る,ぐみ; さね
主,4E3B,5,N4,シュ; シュウ; ス,あるじ; おも; ぬし,かず; ず; もん
収,53CE,4,N3,シュウ,おさ.まる; おさ.める,のぶ
衆,8846,12,N1,シュ; シュウ,おお.い,
術,8853,11,N3,ジュツ,すべ,
書,66F8,10,N5,ショ,-が.き; -がき; か.く,かき
少,5C11,4,N4,ショウ,すく.ない; すこ.し,
証,8A3C,12,N1,ショウ,あかし,
植,690D,12,N2,ショク,う.える; う.わる,うえ; え; げ
申,7533,5,N3,シン,さる; もう.し-; もう.す,
推,63A8,11,N1,スイ,お.す,
整,6574,16,N1,セイ,ととの.う; ととの.える,ひとし
西,897F,6,N5,サイ; ス; セイ,にし,いり; ひし; むら
赤,8D64,7,N4,シャク; セキ,あか; あか-; あか.い; あか.らむ; あか.らめる,あ; あこ; あま
先,5148,6,N5,セン,さき; ま.ず,ぽん
銭,92AD,14,N1,セン; ゼン,すき; ぜに,
想,60F3,13,N3,ソ; ソウ,おも.う,
蔵,8535,15,N2,ソウ; ゾウ,おさ.める; かく.れる; くら,くらし; くらん; くろう; さし; ざ; ろう
族,65CF,11,N4,ゾク,,つぎ
太,592A,4,N3,タ; タイ,ふと.い; ふと.る,おお; たか; ひろ
代,4EE3,5,N4,タイ; ダイ,-が.わり; -がわ.り; か.える; か.わり; か.わる; かわ.り; かわ.る; しろ; よ,す
団,56E3,6,N2,ダン; トン,かたまり; まる.い,
茶,8336,9,N4,サ; チャ,,ちや
丁,4E01,2,N1,チ; チョウ; チン; テイ; トウ,ひのと,
賃,8CC3,13,N1,チン,,すけ
程,7A0B,12,N3,テイ,-ほど; ほど,ほと
点,70B9,9,N3,テン,さ.す; た.てる; つ.く; つ.ける; とぼ.す; とも.す; ぼち,
党,515A,10,N2,トウ,なかま; むら,
答,7B54,12,N4,トウ,こた.え; こた.える,どう
道,9053,12,N4,トウ; ドウ,いう; みち,おさむ; さ; じ; ど; みつ
南,5357,9,N5,ナ; ナン,みなみ,なみ; は; みな; みまみ
年,5E74,6,N5,ネン,とし,ね
拝,62DD,8,N2,ハイ,おが.む; おろが.む,
八,516B,2,N5,ハチ; ハツ,や; や.つ; やっ.つ; よう,な; は; はっ; やち; やつ
否,5426,7,N3,ヒ,いな; いや,
鼻,9F3B,14,N2,ビ,はな,
病,75C5,10,N4,ビョウ; ヘイ,-や.み; や.む; やまい,
府,5E9C,8,N2,フ,,い; う; お; はん
複,8907,14,N2,フク,,
陛,965B,10,N1,ヘイ,,
保,4FDD,9,N1,ホ; ホウ,たも.つ,う; お; ぶ; もり; やす; やすし
豊,8C4A,13,N2,ブ; ホウ,とよ; ゆた.か,て; で; と; ひろし; ふう; ぶん; ほ; ゆたか
末,672B,5,N3,バツ; マツ,うら; うれ; すえ,
命,547D,8,N3,ミョウ; メイ,いのち,
問,554F,11,N4,モン,と.い; と.う; とん,はる
勇,52C7,9,N2,ユウ,いさ.む,お; はや
曜,66DC,18,N4,ヨウ,,てる
来,6765,7,N5,タイ; ライ,き; き.たす; き.たる; きた.す; きた.る; く.る; こ,くり; くる; ごろ; さ
流,6D41,10,N3,リュウ; ル,-なが.す; なが.す; なが.れ; なが.れる,な; ながれ; めぐる
林,6797,8,N2,リン,はやし,し
練,7DF4,14,N2,レン,ね.り; ね.る,ねり
圧,5727,5,N2,アツ; エン; オウ,お.さえる; お.す; おさ.える; へ.す,
易,6613,8,N3,イ; エキ,やさ.しい; やす.い,
員,54E1,10,N4,イン,,いな; かず
栄,6804,9,N2,エイ; ヨウ,-ば.え; え; さか.える; は.え; は.える,さかえ; しげ; てる; なが; ひで; よし
延,5EF6,8,N2,エン,の.ばす; の.びる; の.べ; の.べる,たか; のぶ; のべ
億,5104,15,N2,オク,,お
加,52A0,5,N3,カ,くわ.える; くわ.わる,
荷,8377,10,N2,カ,に,はす; り
回,56DE,6,N3,エ; カイ,-まわ.し; -まわ.す; -まわ.り; -まわ.る; か.える; まわ.し-; まわ.す; まわ.る; もとお.る,
外,5916,5,N5,ガイ; ゲ,そと; と-; はず.す; はず.れる; ほか,うい; け; ふか
楽,697D,13,N4,ガク; ゴウ; ラク,この.む; たの.しい; たの.しむ,さ; た; やす; ら
感,611F,13,N3,カン,,
眼,773C,11,N1,ガン; ゲン,まなこ; め,
期,671F,12,N3,キ; ゴ,,
起,8D77,10,N4,キ,お.きる; お.こす; お.こる; おこ.す; た.つ,
急,6025,9,N4,キュウ,いそ.ぎ; いそ.ぐ; せ.く,
居,5C45,8,N3,キョ; コ,-い; い.る; お.る,おき; ぐ; すえ
境,5883,14,N2,キョウ; ケイ,さかい,さか; じき
玉,7389,5,N2,ギョク,-だま; たま; たま-,おう; だん
苦,82E6,8,N3,ク,-ぐる.しい; くる.しい; くる.しむ; くる.しめる; にが.い; にが.る,
型,578B,9,N2,ケイ,-がた; かた,
決,6C7A,7,N3,ケツ,-ぎ.め; き.まる; き.める; さ.く,
憲,61B2,16,N1,ケン,,かず; のり; よし
元,5143,4,N4,ガン; ゲン,もと,ちか; はじめ; はる; ゆき; よし
己,5DF1,3,N1,キ; コ,おのれ; つちのと; な,し; み
護,8B77,20,N1,ゴ,まも.る,もり
后,540E,6,N1,コウ; ゴ,きさき,
耕,8015,10,N2,コウ,たがや.す,こお
国,56FD,8,N5,コク,くに,くな; こ
最,6700,12,N3,サイ; シュ,つま; もっと.も,も
在,5728,6,N3,ザイ,あ.る,あり
殺,6BBA,10,N3,サイ; サツ; セツ,-ごろ.し; あや.める; ころ.す; そ.ぐ,
酸,9178,14,N1,サン,す.い,
子,5B50,3,N5,シ; ス; ツ,-こ; こ; ね,い; き; ぎ; く; け; ねっ
私,79C1,7,N4,シ,わたくし; わたし,
事,4E8B,8,N4,ジ; ズ,こと; つか.う; つか.える,ろ
耳,8033,6,N3,ジ,みみ,がみ
舎,820E,8,N1,シャ; セキ,やど.る,さ; とり
取,53D6,8,N3,シュ,-ど.り; と.り; と.り-; と.る; とり,どる
周,5468,8,N2,シュウ,まわ.り,あまね; しゅ; す; ちか; のり; ひろ; びび; まこと
週,9031,11,N4,シュウ,,
述,8FF0,8,N2,ジュツ,の.べる,
諸,8AF8,15,N2,ショ,もろ,
承,627F,8,N2,ショウ; ジョウ,う.ける; うけたまわ.る,うけ; こと; すけ; つぎ; つぐ; よし
象,8C61,12,N2,ショウ; ゾウ,かたど.る,きさ
織,7E54,18,N1,シキ; ショク,-お.り; -おり; お.り; お.る; おり,こおり; こり; のり
真,771F,10,N4,シン,ま; ま-; まこと,さな; さね; ただ; ただし; なお; のり; まあ; まこ; まさ; まっ; まど; まな; まゆ; みち; も
水,6C34,4,N5,スイ,みず; みず-,うず; ずみ; つ; ど; み; みさ; みつ; みな; みん
星,661F,9,N2,ショウ; セイ,-ぼし; ほし,
誠,8AA0,13,N1,セイ,まこと,きよ; さと; しげ; とも; のぶ; ま; まこ; まさ
切,5207,4,N4,サイ; セツ,-き.り; -き.る; -き.れ; -き.れる; -ぎ.り; -ぎ.れ; き.り; き.る; き.れ; き.れる,きつ; きり; ぎり
千,5343,3,N5,セン,ち,かず; ゆき
前,524D,9,N5,ゼン,-まえ; まえ,さき; さと; まい
早,65E9,6,N4,サッ; ソウ,さ-; はや; はや-; はや.い; はや.まる; はや.める,さか; さわ; そ; わ
造,9020,10,N2,ゾウ,-づく.り; つく.り; つく.る,ずくり; づくり; み
続,7D9A,13,N3,キョウ; コウ; ショク; ゾク,つぐ.ない; つづ.く; つづ.ける,つぐ
打,6253,5,N3,ダ; ダース,う.ち-; う.つ; ぶ.つ,うち
台,53F0,5,N4,タイ; ダイ,うてな; つかさ; われ,
断,65AD,11,N3,ダン,ことわ.る; さだ.める; た.つ,
着,7740,12,N4,ジャク; チャク,き.せる; き.る; つ.く; つ.ける,
帳,5E33,11,N1,チョウ,とばり,
追,8FFD,9,N3,ツイ,お.う,おい
敵,6575,15,N1,テキ,あだ; かたき; かな.う,
伝,4F1D,6,N3,テン; デン,-づた.い; つた.う; つた.える; つた.わる; つだ.う; つて,つたえ
冬,51AC,5,N4,トウ,ふゆ,
統,7D71,12,N1,トウ,す.べる; ほび.る,のり; むね
銅,9285,14,N2,ドウ,あかがね,
難,96E3,18,N3,ナン,-がた.い; -にく.い; かた.い; むずか.しい; むつか.しい; むづか.しい,な; なに
念,5FF5,8,N3,ネン,,
敗,6557,11,N3,ハイ,やぶ.れる,
発,767A,9,N4,ハツ; ホツ,あば.く; おこ.る; た.つ; つか.わす; はな.つ,ば; わ
悲,60B2,12,N3,ヒ,かな.しい; かな.しむ,
必,5FC5,5,N3,ヒツ,かなら.ず,
秒,79D2,9,N2,ビョウ,,
父,7236,4,N5,フ,ちち,
仏,4ECF,4,N2,フツ; ブツ,ほとけ,
米,7C73,6,N3,ベイ; マイ; メエトル,こめ; よね,は; べ; まべ; め; よ; よな; よの; よま
歩,6B69,8,N4,フ; ブ; ホ,あゆ.む; ある.く,あ; ゆき; ゆみ
暴,66B4,15,N2,バク; ボウ,あば.く; あば.れる,
万,4E07,3,N5,バン; マン,よろず,かず; ま; ゆる
明,660E,8,N4,ミョウ; ミン; メイ,-あ.け; あ.かす; あ.かり; あ.く; あ.くる; あ.ける; あか.らむ; あか.るい; あか.るむ; あき.らか,あきら; あけ; あす; きら; け; さや; さやか; とし; はる; み; め
門,9580,8,N2,モン,かど; と,じょう; と; も; ゆき
友,53CB,4,N5,ユウ,とも,う; ど; ゆ
様,69D8,14,N3,ショウ; ヨウ,さま; さん,
落,843D,12,N3,ラク,お.ち; お.ちる; お.とす,おち
留,7559,10,N3,リュウ; ル,と.まる; と.める; とど.まる; とど.める; るうぶる,とめ
臨,81E8,18,N1,リン,のぞ.む,み
連,9023,10,N3,レン,-づ.れ; つ.れる; つら.なる; つら.ねる,ずれ; つれ; むらじ; れ
安,5B89,6,N4,アン,やす; やす.い; やす.まる; やす.らか,あ; あす; あず; あっ; や
異,7570,11,N1,イ,け; こと; こと.なる,
因,56E0,6,N3,イン,ちな.む; よ.る,て
永,6C38,5,N2,エイ,なが.い,え; と; のり; ひさ; ひさし
演,6F14,14,N3,エン,,
屋,5C4B,9,N4,オク,や,た
可,53EF,5,,カ; コク,-べ.き; -べ.し,よし
課,8AB2,15,N2,カ,,
快,5FEB,7,N2,カイ,こころよ.い,よし
害,5BB3,10,N3,ガイ,,
額,984D,18,N2,ガク,ひたい,ぬか
慣,6163,14,N3,カン,な.らす; な.れる,
岩,5CA9,8,N2,ガン,いわ,
機,6A5F,16,N3,キ,はた,
技,6280,7,N2,ギ,わざ,
救,6551,11,N1,キュウ,すく.う,
挙,6319,10,N1,キョ,あ.がる; あ.げる; こぞ.る,たか
強,5F37,11,N4,キョウ; ゴウ,こわ.い; し.いる; つよ.い; つよ.まる; つよ.める,すね
勤,52E4,12,N3,キン; ゴン,-づと.め; いそ.しむ; つと.まる; つと.める,
具,5177,8,N3,グ,そな.える; つぶさ.に,とも
形,5F62,7,N3,ギョウ; ケイ,-がた; かた; かたち; なり,ち
潔,6F54,15,N1,ケツ,いさぎよ.い,きよ; きよし
検,691C,12,N1,ケン,しら.べる,
原,539F,10,N3,ゲン,はら,た; ばる; ら; わた; わら
庫,5EAB,10,N2,ク; コ,くら,
交,4EA4,6,N3,コウ,-か.う; か.わす; かわ.す; こもごも; ま.ざる; ま.じる; ま.ぜる; まじ.える; まじ.る; まじ.わる,かた
孝,5B5D,7,,キョウ; コウ,,たか; たかし; のり; よし
考,8003,6,N4,コウ,かんが.え; かんが.える,たか
穀,7A40,14,N1,コク,,たけ
妻,59BB,8,N3,サイ,つま,ずま; め
材,6750,7,N2,ザイ,,き; さい
雑,96D1,14,N3,ザツ; ゾウ,まじ.える; まじ.る,
残,6B8B,10,N3,サン; ザン,そこな.う; のこ.す; のこ.り; のこ.る,
市,5E02,5,N3,シ,いち,い; ち
糸,7CF8,6,N2,シ,いと,
似,4F3C,7,N3,ジ,に.る; ひ.る,にた
自,81EA,6,N4,シ; ジ,おの.ずから; おの.ずと; みずか.ら,より
写,5199,5,N4,シャ; ジャ,うつ-; うつ.し; うつ.す; うつ.る,
守,5B88,6,N3,シュ; ス,-もり; かみ; まも.り; まも.る; もり,う; し; て; も
宗,5B97,8,N1,シュウ; ソウ,むね,かず; し; そ; そお; たか; とし; のり; ひろ; むな; もと; よし
集,96C6,12,N4,シュウ,あつ.まる; あつ.める; つど.う,あつまり; ず
春,6625,9,N4,シュン,はる,あずま; かす; すの; ひ; わら
助,52A9,7,N3,ジョ,す.ける; すけ; たす.かる; たす.ける,
招,62DB,8,N3,ショウ,まね.く,
賞,8CDE,15,N2,ショウ,ほ.める,
職,8077,18,N3,ショク; ソク,,もと
神,795E,9,N3,シン; ジン,かみ; かん-; こう-,か; かぐ; かな; かも; くま; こ; こは; だま; み
数,6570,13,N3,サク; シュ; ス; スウ; ソク,かず; かぞ.える; しばしば; せ.める; わずらわ.しい,じゅ
晴,6674,12,N3,セイ,-ば.れ; は.らす; は.れ; は.れ-; は.れる,はる; はれ
青,9752,8,N4,ショウ; セイ,あお; あお-; あお.い,お
接,63A5,11,N2,ショウ; セツ,つ.ぐ,
宣,5BA3,9,N1,セン,のたま.う,とおる; のぶ; のぼる; のり; ひさ; よし
善,5584,12,N1,ゼン,い.い; よ.い; よ.く; よし.とする,たる; よし
争,4E89,6,N3,ソウ,あらそ.う; いか.でか,
側,5074,11,N3,ソク,かわ; がわ; そば,
卒,5352,8,N2,シュツ; ソツ,お.える; お.わる; そっ.する; ついに; にわか,
体,4F53,7,N4,タイ; テイ,かたち; からだ,なり
大,5927,3,N5,タイ; ダイ,-おお.いに; おお-; おお.きい,うふ; お; おう; た; たかし; とも; はじめ; ひろ; ひろし; まさ; まさる; もと; わ
男,7537,7,N5,ダン; ナン,お; おとこ,み
中,4E2D,4,N5,チュウ,あた.る; うち; なか,あたる; かなえ
張,5F35,11,N1,チョウ,-は.り; -ば.り; は.る,はり; わり
通,901A,10,N4,ツ; ツウ,-とお.り; -どお.し; -どお.り; かよ.う; とお.し; とお.す; とお.り; とお.る,とん; どうし; どおり; みち
的,7684,8,,テキ,まと,いくは; ゆくは
田,7530,5,N4,デン,た,いなか; おか; たん; で; とう; や
刀,5200,2,N1,トウ,かたな; そり,き; ち; と; わき
討,8A0E,10,N1,トウ,う.つ,
得,5F97,11,N3,トク,う.る; え.る,あつ; てろ
二,4E8C,2,N5,ジ; ニ,ふた; ふた.つ; ふたたび,おと; つぎ; つぐ; にい; は; ふ; ふたつ; ふだ; わ
燃,71C3,16,N2,ネン,も.える; も.す; も.やす,
配,914D,10,N3,ハイ,くば.る,
判,5224,7,N3,ハン; バン,わか.る,
比,6BD4,4,N2,ヒ,くら.べる,い; ぴっ
筆,7B46,12,N2,ヒツ,ふで,はじめ
品,54C1,9,N4,ヒン; ホン,しな,
負,8CA0,9,N3,フ,お.う; ま.かす; ま.ける,
物,7269,8,N4,ブツ; モツ,もの; もの-,
別,5225,7,N4,ベツ,わ.ける; わか.れる,べっ
補,88DC,12,N2,ホ,おぎな.う,
望,671B,11,N3,ボウ; モウ,のぞ.む; もち,み; も
満,6E80,12,N3,バン; マン,み.たす; み.ちる; み.つ,ま; みち; みつ; みつる
盟,76DF,13,N1,メイ,,
夜,591C,8,N4,ヤ,よ; よる,
有,6709,6,N4,ウ; ユウ,あ.る,あ; あら; あり; ある; くに; なお; ゆ
洋,6D0B,9,N4,ヨウ,,なだ; ひろ; ひろし; よ; よし
利,5229,7,N3,リ,き.く,かが; と; とし; のり; み; りい
旅,65C5,10,N4,リョ,たび,
輪,8F2A,15,N2,リン,わ,なわ; も
路,8DEF,13,N3,ル; ロ,-じ; みち,
暗,6697,13,N3,アン,くら.い; くら.む; くれ.る,
移,79FB,11,N2,イ,うつ.す; うつ.る,
引,5F15,4,N3,イン,ひ.く; ひ.ける,いな; ひき; ひけ; びき
泳,6CF3,8,N3,エイ,およ.ぐ,
遠,9060,13,N3,エン; オン,とお.い,お; おに; ど; どお
恩,6069,10,N1,オン,,めぐみ
夏,590F,10,N4,カ; ガ; ゲ,なつ,
貨,8CA8,11,N2,カ,たから,
改,6539,7,N2,カイ,あらた.まる; あらた.める,
各,5404,6,N2,カク,おのおの,かか; かが
活,6D3B,9,N3,カツ,い.かす; い.きる; い.ける,
歓,6B53,15,N1,カン,よろこ.ぶ,ぶ
顔,9854,18,N3,ガン,かお,
帰,5E30,10,N4,キ,おく.る; かえ.す; かえ.る; とつ.ぐ,
疑,7591,14,N3,ギ,うたが.う,
求,6C42,7,N3,キュウ; グ,もと.める,
許,8A31,11,N3,キョ,もと; ゆる.す,
教,6559,11,N4,キョウ,おし.える; おそ.わる,のり; ひさ
均,5747,7,N2,キン,なら.す,ひとし
空,7A7A,8,N4,クウ,あ.き; あ.く; あ.ける; から; す.かす; す.く; そら; むな.しい,うつ; き; く
敬,656C,12,N2,キョウ; ケイ,うやま.う,け; たか; たかし; たけ; とし; のり; ひろ; ゆき; よし
結,7D50,12,N1,ケチ; ケツ,むす.ぶ; ゆ.う; ゆ.わえる,ゆい; ゆう
権,6A29,15,N3,ケン; ゴン,おもり; かり; はか.る,
厳,53B3,17,N1,ゲン; ゴン,いか.めしい; いつくし; おごそ.か; きび.しい,いつ; いづ; きゅうら; とし
戸,6238,4,N2,コ,と,え; へ
候,5019,10,N3,コウ,そうろう,
工,5DE5,3,N4,ク; グ; コウ,,もく
航,822A,10,N2,コウ,,わたる
黒,9ED2,11,N4,コク,くろ; くろ.い; くろ.ずむ,
才,624D,3,N3,サイ,,
罪,7F6A,13,N3,ザイ,つみ,
三,4E09,3,N5,サン; ゾウ,み; み.つ; みっ.つ,か; さ; さい; さえ; さぶ; ざ; ざえ; ざぶ; そう; ぞ; ただ; みつ; みん; も; や
仕,4ED5,5,N4,シ; ジ,つか.える,
師,5E2B,10,N3,シ,いくさ,かず; つかさ; のし; のり; みつ; もと; もろ
紙,7D19,10,N4,シ,かみ,
児,5150,7,N2,ゲイ; ジ; ニ,-こ; -っこ; こ,る
辞,8F9E,13,N3,ジ,いな.む; や.める,
社,793E,7,N4,シャ,やしろ,こそ
手,624B,4,N4,シュ; ズ,-て; た-; て; て-,
就,5C31,12,N1,シュウ; ジュ,つ.く; つ.ける,たか; なり
住,4F4F,7,N4,ジュウ; チュウ; ヂュウ,-ず.まい; す.まう; す.む,し; じゅ; すみ
準,6E96,13,N2,ジュン,じゅん.じる; じゅん.ずる; なぞら.える; のり; ひと.しい; みずもり,
女,5973,3,N5,ジョ; ニョ; ニョウ,おんな; め,おな; た; つき; な
昭,662D,9,N1,ショウ,,あき; あきら; かず; かずみ; てる
上,4E0A,3,N5,シャン; ショウ; ジョウ,-あ.がり; -あ.がる; -あ.げる; -うえ; あ.がり; あ.がる; あ.げる; うえ; うわ-; かみ; たてまつ.る; のぼ.す; のぼ.せる; のぼ.り; のぼ.る,あおい; あげ; い; か; かき; かず; かん; こう; のぼり; ほつ
色,8272,6,N4,シキ; ショク,いろ,しか; しこ
臣,81E3,7,N2,シン; ジン,,おみ; たか; と; とみ; み
世,4E16,5,N4,セ; セイ; ソウ,よ,とし; ゆ; ゆき
正,6B63,5,N4,ショウ; セイ,ただ.しい; ただ.す; まさ; まさ.に,おお; くに; ただし; ま; まさし
静,9759,14,N3,ジョウ; セイ,しず-; しず.か; しず.まる; しず.める,しづ
折,6298,7,N3,シャク; セツ,-お.り; お.り; お.る; お.れる; おり,せき
専,5C02,9,N2,セン,もっぱ.ら,
然,7136,12,N3,ゼン; ネン,さ; しか; しか.し; しか.り,
相,76F8,9,N3,ショウ; ソウ,あい-,あ; い; おう; さ; さが; すけ
則,5247,9,N2,ソク,すなわち; のっと.る; のり,
存,5B58,6,N3,ソン; ゾン,あ.る; たも.つ; と.う; ながら.える,あり; まさ
対,5BFE,7,N3,タイ; ツイ,あいて; こた.える; そろ.い; つれあ.い; なら.ぶ; むか.う,つし
第,7B2C,11,N1,ダイ; テイ,,
談,8AC7,15,N3,ダン,,
忠,5FE0,8,N1,チュウ,,きよし; たた; ただ; ただし; なお
朝,671D,12,N4,チョウ,あさ,あ; あそ; ささ; ちか; とも
低,4F4E,7,N2,テイ,ひく.い; ひく.まる; ひく.める,
適,9069,14,N3,テキ,かな.う,
電,96FB,13,N5,デン,,
島,5CF6,10,N2,トウ,しま,
頭,982D,16,N3,ズ; ト; トウ,-がしら; あたま; かしら; かぶり,かみ; がみ; ちゃん; つむり; づ
徳,5FB3,14,N1,トク,,あつ; なる; のり; ゆき; よし
弐,5F10,6,N1,ジ; ニ,そえ; ふた.つ,
納,7D0D,10,N1,トウ; ナ; ナッ; ナン; ノウ,-おさ.める; おさ.まる; おさ.める,の; ろ
倍,500D,10,N2,バイ,,べ; ます
半,534A,5,N5,ハン,なか.ば,は
皮,76AE,5,N2,ヒ,かわ,
百,767E,6,N5,ヒャク; ビャク,もも,お; ど; どう; なり; ひゃっ; ひゅく; も; もんど; ゆう
貧,8CA7,11,N3,ヒン; ビン,まず.しい,
武,6B66,8,N2,ブ; ム,たけ; たけ.し,う; お; たけし; たけん; ん
分,5206,4,,フン; ブ; ブン,わ.かつ; わ.かる; わ.かれる; わ.け; わ.ける,いた; わけ
変,5909,9,N3,ヘン,か.える; か.わり; か.わる,
墓,5893,13,N1,ボ,はか,
貿,8CBF,12,N2,ボウ,,
味,5473,8,N4,ミ,あじ; あじ.わう,
迷,8FF7,9,N3,メイ,まよ.う,
野,91CE,11,N4,ショ; ヤ,の; の-,ずけ; つけ; ぬ
由,7531,5,N3,ユ; ユイ; ユウ,よ.る; よし,
用,7528,5,N4,ヨウ,もち.いる,たから
理,7406,11,N4,リ,ことわり,あや; おさむ; さと; さとる; ただ; ただし; とおる; に; のり; ひ; まこと; まさ; まさし; まろ; みち; よし
両,4E21,6,N3,リョウ,てる; ふたつ,もろ
類,985E,18,N3,ルイ,たぐ.い,
労,52B4,7,N3,ロウ,いた.ずき; いたわ.る; つか.れる; ねぎら; ねぎら.う; ろう.する,
案,6848,10,N1,アン,つくえ,
胃,80C3,9,N2,イ,,
飲,98F2,12,N4,イン; オン,-の.み; の.む,
英,82F1,8,N4,エイ,はなぶさ,あ; あい; え; すぐる; はな; ひ; ひで; よし; ら
塩,5869,13,N2,エン,しお,
温,6E29,12,N2,オン,あたた.か; あたた.かい; あたた.まる; あたた.める; ぬく,あつ; あつし; なお; はる; ゆ; ゆたか
家,5BB6,10,N4,カ; ケ,いえ; うち; や,あり; え; く; つか; べ
過,904E,12,N3,カ,あやま.ち; あやま.つ; す.ぎる; す.ごす; よ.ぎる; よぎ.る,
械,68B0,11,N2,カイ,かせ,
拡,62E1,8,N1,カク; コウ,ひろ.がる; ひろ.げる; ひろ.める,
株,682A,10,N1,シュ,かぶ,
漢,6F22,13,N4,カン,,はん
願,9858,19,N3,ガン,-ねがい; ねが.う,ら
気,6C17,6,N5,キ; ケ,き,
義,7FA9,13,N1,ギ,,ただし; ちか; のり; よし
球,7403,11,N3,キュウ,たま,く
漁,6F01,14,N2,ギョ; リョウ,あさ.る,
橋,6A4B,16,N2,キョウ,はし,ばせ
禁,7981,13,N2,キン,,
君,541B,7,N3,クン,-ぎみ; きみ,み
景,666F,12,N3,ケイ,,かげ
血,8840,6,N2,ケツ,ち,
犬,72AC,4,N4,ケン,いぬ; いぬ-,
減,6E1B,12,N2,ゲン,へ.らす; へ.る,
故,6545,9,N1,コ,ふる.い; もと; ゆえ,
光,5149,6,N3,コウ,ひか.る; ひかり,あき; あきら; こお; てる; ひこ; み; みつ
幸,5E78,8,N3,コウ,さいわ.い; さち; しあわ.せ,こ; さき; さし; さっ; とも; ひろ; みゆき; ゆ; ゆき; よし
行,884C,6,N5,アン; ギョウ; コウ,-い.き; -いき; -ゆ.き; -ゆき; い.く; おこ.なう; おこな.う; ゆ.く,いく; なみ; なめ; みち; ゆき; ゆく
今,4ECA,4,N5,キン; コン,いま,な
採,63A1,11,N2,サイ,と.る,
財,8CA1,10,N3,サイ; ザイ; ゾク,たから,
参,53C2,8,N3,サン; シン,まい-; まい.る; まじわる; みつ,み
使,4F7F,8,N4,シ,-つか.い; -づか.い; つか.い; つか.う,
志,5FD7,7,N1,シ,こころざ.す; こころざし; シリング,じん; べ; べし; ゆき
至,81F3,6,N1,シ,いた.る,のぶ; のり; みち; よし
字,5B57,6,N4,ジ,-な; あざ; あざな,
式,5F0F,6,N3,シキ,,のり
者,8005,8,N4,シャ,もの,
種,7A2E,14,N3,シュ,-ぐさ; たね,おい; くさ; た; ほ
州,5DDE,6,N2,シュウ; ス,す,くに
十,5341,2,N5,ジッ; ジュウ; ジュッ,そ; と; とお,い; か; ぎ; さ; し; そ; そう; ち; とう; ね; ま; る; わ
純,7D14,10,N2,ジュン,,あつ; すみ; み; やすし; よし
序,5E8F,7,N1,ジョ,つい.で; ついで,つぐ
消,6D88,10,N3,ショウ,き.える; け.す,
乗,4E57,9,N3,ショウ; ジョウ,-の.り; の.せる; の.る,のり
食,98DF,9,N5,ショク; ジキ,く.う; く.らう; た.べる; は.む,ぐい
親,89AA,16,N4,シン,おや; おや-; した.しい; した.しむ,ぎ; ちか; のり
是,662F,9,N1,シ; ゼ,ここ; この; これ,すなお; ただし; つな; ゆき; よし
清,6E05,11,N2,ショウ; シン; セイ,きよ.い; きよ.まる; きよ.める,あき; さや; し; すが; すみ; せ; ちん
税,7A0E,12,N2,ゼイ,,さい
設,8A2D,11,N2,セツ,もう.ける,した
川,5DDD,3,N5,セン,かわ,か; こ; さわ
全,5168,6,N3,ゼン,すべ.て; まった.く,たけ; まさ
総,7DCF,14,N2,ソウ,す.べて; すべ.て; ふさ,うさ; ずさ
息,606F,10,N3,ソク,いき,
孫,5B6B,10,N2,ソン,まご,ひ
帯,5E2F,10,N2,タイ,お.びる; おび,たて
題,984C,18,N4,ダイ,,
知,77E5,8,N4,チ,し.らせる; し.る,さと; さとる; しり; しれ; とも; のり
昼,663C,9,N4,チュウ,ひる,
町,753A,7,N4,チョウ,まち,
停,505C,11,N2,テイ,と.まる; と.める,
鉄,9244,13,N2,テツ,くろがね,けん; てっ
徒,5F92,10,N3,ト,あだ; いたずら,かち
投,6295,7,N3,トウ,-な.げ; な.げる,
働,50CD,13,N3,ドウ,はたら.く,
特,7279,10,N4,トク,,
肉,8089,6,N4,ニク,しし,
能,80FD,10,N3,ノウ,あた.う; よ.く,たか; の; のり; よし
買,8CB7,12,N4,バイ,か.う,
反,53CD,4,N3,タン; ハン; ホ; ホン,-かえ.る; かえ.す; かえ.る; そ.らす; そ.る,そり; た
肥,80A5,8,N1,ヒ,こ.える; こ.やし; こ.やす; こえ; ふと.る,い; こい; ひえ
俵,4FF5,10,N1,ヒョウ,たわら,
不,4E0D,4,N4,フ; ブ,,
部,90E8,11,N3,ブ,-べ,とり; ふ; ぺ; ま
奮,596E,16,N1,フン,ふる.う,
編,7DE8,15,N2,ヘン,-あ.み; あ.む,
母,6BCD,5,N5,ボ,はは; も,
防,9632,7,N2,ボウ,ふせ.ぐ,あた; う; ほう
未,672A,5,N3,ビ; ミ,いま.だ; ひつじ; ま.だ,
鳴,9CF4,14,N3,メイ,な.く; な.らす; な.る,なり; なる
役,5F79,7,N3,エキ; ヤク,,ちゃく
遊,904A,12,N3,ユ; ユウ,あそ.ばす; あそ.ぶ,あす; う
葉,8449,12,N3,ヨウ,は,よ; わ
里,91CC,7,,リ,さと,さ
料,6599,10,N4,リョウ,,
令,4EE4,5,N2,レイ,,のり; りょう; れ
老,8001,6,N3,ロウ,お.いる; ふ.ける,えび; おい; び
以,4EE5,5,N4,イ,もっ.て,もち
遺,907A,15,N1,イ; ユイ,のこ.す,
院,9662,10,N4,イン,,
衛,885B,16,N1,エ; エイ,,い; まもる; もり
央,592E,5,N2,オウ,,あきら; え; お; さと; ちか; てる; なか; ひさ; ひろ; や
音,97F3,9,N4,-ノン; イン; オン,おと; ね,お; と
科,79D1,9,N3,カ,,しな
我,6211,7,N1,ガ,わ; わ.が-; わが-; われ,あ; あが; か
海,6D77,9,N4,カイ,うみ,あ; あま; うな; うん; え; か; た; ひろ; ひろし; ぶ; まち; まま; み; め; わたる
格,683C,10,N3,カク; キャク; コウ; ゴウ,,いたる; のり
寒,5BD2,12,N3,カン,さむ.い,さ; さん
管,7BA1,14,N2,カン,くだ,すが
喜,559C,12,N3,キ,よろこ.ばす; よろこ.ぶ,あき; きゅ; のぶ; ゆき; よし
汽,6C7D,7,N1,キ,,
議,8B70,20,N3,ギ,,かた; のり
究,7A76,7,N4,キュウ; ク,きわ.める,きゅ
魚,9B5A,11,N4,ギョ,-ざかな; うお; さかな,い
興,8208,16,N1,キョウ; コウ,おこ.す; おこ.る,おき; おこっ; とも
近,8FD1,7,N4,キン; コン,ちか.い,おう; おお; この
訓,8A13,10,N2,キン; クン,おし.える; くん.ずる; よ.む,く; くに; くの; さとし; のり; ふみ
系,7CFB,7,N1,ケイ,,
月,6708,4,N5,ガツ; ゲツ,つき,おと; がっ; す; ずき; もり
研,7814,9,N4,ケン,と.ぐ,のり
現,73FE,11,N3,ゲン,あらわ.す; あらわ.れる; うつ.つ; うつつ,あきら; きら
湖,6E56,12,N2,コ,みずうみ,うみ; み
公,516C,4,N4,ク; コウ,おおやけ,あきら; き; きみ; きん; たか; ただし; とも; ひろ; まさ
広,5E83,5,N4,コウ,ひろ.い; ひろ.がる; ひろ.げる; ひろ.まる; ひろ.める,
講,8B1B,17,N2,コウ,,
根,6839,10,N2,コン,-ね; ね,
済,6E08,11,N3,サイ; セイ,-す.ます; -ず.み; -ずみ; す.ます; す.まない; す.む; すく.う; な.す; わた.る; わたし,すむ; なり; わたる
坂,5742,7,N2,ハン,さか,か; ざ
山,5C71,3,N5,サン; セン,やま,さ; やの; やん
司,53F8,5,N1,シ,つかさど.る,つ; つか; つかさ
思,601D,9,N4,シ,おぼ.す; おも.う; おもえら.く,
視,8996,11,N1,シ,み.る,とも; み
寺,5BFA,6,N2,ジ,てら,
識,8B58,19,N3,シキ,し.る; しる.す,さと; さとる
謝,8B1D,17,N1,シャ,あやま.る,さ; ざ
酒,9152,10,N3,シュ,さか-; さけ,き; さ; し
修,4FEE,10,N1,シュ; シュウ,おさ.まる; おさ.める,おき; おさむ; なが; のぶ
従,5F93,10,N1,ショウ; ジュ; ジュウ,したが.う; したが.える; より,
順,9806,12,N2,ジュン,,あや; あり; おき; おさむ; しげ; したがう; とし; なお; のぶ; のり; まさ; むね; もと; ゆき; よし; より
除,9664,10,N3,ジ; ジョ,-よ.け; のぞ.く,
焼,713C,12,N2,ショウ,-や.き; や.き; や.き-; や.く; や.ける,やい; やき
場,5834,12,N4,ジョウ; チョウ,ば,
信,4FE1,9,N3,シン,,し; しが; しな; しの; しぶ; とき; のび; のぶ; まこと
身,8EAB,7,,シン,み,
制,5236,8,N3,セイ,,
生,751F,5,N5,ショウ; セイ,-う; い.かす; い.きる; い.ける; う.まれ; う.まれる; う.む; うま.れる; うまれ; お.う; き; な.す; な.る; なま; なま-; は.える; は.やす; む.す,あさ; いき; いく; いけ; うぶ; うまい; え; おい; ぎゅう; くるみ; ごせ; さ; じょう; すぎ; そ; そう; ちる; なば; にう; にゅう; ふ; み; もう; よい; りゅう
席,5E2D,10,N3,セキ,むしろ,
節,7BC0,13,N1,セチ; セツ,-ぶし; のっと; ふし,たかし
戦,6226,13,N3,セン,いくさ; おのの.く; そよ.ぐ; たたか.う; わなな.く,せ
祖,7956,9,N3,ソ,,い
草,8349,9,N3,ソウ,-ぐさ; くさ; くさ-,そ; や
測,6E2C,12,N2,ソク,はか.る,
尊,5C0A,12,N2,ソン,たっと.い; たっと.ぶ; とうと.い; とうと.ぶ,さだ; たか; たけ; みこと
待,5F85,9,N4,タイ,-ま.ち; ま.つ,まち; まつ
達,9054,12,N3,タツ; ダ,-たち,かつ; さと; て; てつ; とおる; みち
地,5730,6,N4,ジ; チ,,どま
柱,67F1,9,N2,チュウ,はしら,
腸,8178,13,N1,チョウ,はらわた; わた,
定,5B9A,8,N3,ジョウ; テイ,さだ.か; さだ.まる; さだ.める,さた
典,5178,8,N1,テン; デン,のり; ふみ,すけ; つね; の
登,767B,12,N3,ショウ; チョウ; ト; トウ; ドウ,あ.がる; のぼ.る,たか; のぼし; のぼり; のり
東,6771,8,N5,トウ,ひがし,あい; あがり; あずま; あづま; こち; さき; しの; とお; はる; ひが; もと
動,52D5,11,N4,ドウ,うご.かす; うご.く,るぎ
毒,6BD2,8,N2,ドク,,
日,65E5,4,N5,ジツ; ニチ,-か; -び; ひ,あ; あき; いる; く; くさ; こう; す; たち; に; にっ; につ; へ
農,8FB2,13,N2,ノウ,,な; の; み
売,58F2,7,N4,バイ,う.る; う.れる,うり; うる; め
板,677F,8,N2,ハン; バン,いた,
費,8CBB,12,N3,ヒ,つい.える; つい.やす,
標,6A19,15,N1,ヒョウ,しるし; しるべ,しべ
付,4ED8,5,N3,フ,-つ.き; -つ.け; -つ.ける; -つき; -づ.き; -づ.く; -づ.け; -づ.ける; -づき; -づけ; つ.き; つ.く; つ.け; つ.け-; つ.ける,つけ
風,98A8,9,N4,フ; フウ,かざ-; かぜ,い; え
粉,7C89,10,N2,フン,こ; こな; デシメートル,
辺,8FBA,5,N2,ヘン,-べ; あた.り; ほと.り,なべ
包,5305,5,N2,ホウ,くる.む; つつ.む,お; かね
北,5317,5,N5,ホク,きた,きら; ほう; ほっ; ほつ
脈,8108,10,N1,ミャク,すじ,
綿,7DBF,14,N2,メン,わた,う
約,7D04,9,N3,ヤク,つづ.まる; つづ.める; つづま.やか,
夕,5915,3,N4,セキ,ゆう,ゆ
要,8981,9,N3,ヨウ,い.る; かなめ,とし
陸,9678,11,N2,リク; ロク,おか,くが; たち; みち; む; むつ
良,826F,7,N3,リョウ,-い.い; -よ.い; い.い; よ.い,じ; なが; まこと; よし; ら; りょ; ろう
例,4F8B,8,N3,レイ,たと.える,
六,516D,4,N5,リク; ロク,む; む.つ; むい; むっ.つ,く; むつ; ろっ; ろつ
位,4F4D,7,N3,イ,くらい; ぐらい,ぞき
医,533B,7,N4,イ,い.する; い.やす; くすし,
右,53F3,5,N5,ウ; ユウ,みぎ,あき; すけ
液,6DB2,11,N2,エキ,,
往,5F80,8,N1,オウ,い.く; いにしえ; さき.に; ゆ.く,みち
下,4E0B,3,N5,カ; ゲ,-くだ.す; お.りる; お.ろす; くだ.さる; くだ.す; くだ.り; くだ.る; さ.がる; さ.げる; した; しも; もと,さか; しと
果,679C,8,N3,カ,-は.たす; -は.てる; は.たす; は.て; は.てる; はた.す,み
画,753B,8,N4,エ; カイ; カク; ガ,えが.く; かぎ.る; かく.する; はか.る; はかりごと,
界,754C,9,N4,カイ,,
確,78BA,15,N3,カク; コウ,たし.か; たし.かめる,
刊,520A,5,N2,カン,,
観,89B3,18,N3,カン,しめ.す; み.る,
器,5668,15,N1,キ,うつわ,
季,5B63,8,N2,キ,,すえ; とし
客,5BA2,9,N3,カク; キャク,,
級,7D1A,9,N1,キュウ,,しな
京,4EAC,8,N4,キョウ; キン; ケイ,みやこ,たか
鏡,93E1,19,N1,キョウ; ケイ,かがみ,あき; かが; かがん
金,91D1,8,N5,キン; コン; ゴン,-がね; かな-; かね,かん; きむ; こ; この; ん
群,7FA4,13,N2,グン,む.れ; む.れる; むら; むら.がる,ぐ; ぐり; こお; こおり; ごうり
経,7D4C,11,N3,キョウ; キン; ケイ,た.つ; たていと; のり; はか.る; へ.る,つね; のぶ
件,4EF6,6,N3,ケン,くだん,
絹,7D79,13,N1,ケン,きぬ,
言,8A00,7,N4,ゲン; ゴン,い.う; こと,とき
五,4E94,4,N5,ゴ,いつ; いつ.つ,い; さ; さつ; ち; ふ; み; め
功,529F,5,N1,ク; コウ,いさお,いさ; かつ; くぬ; ぐう; こと; つとむ; とし; のり; よし
康,5EB7,11,N1,コウ,,かん; こ; みち; やす; やすし
鉱,9271,13,N2,コウ,あらがね,
混,6DF7,11,N2,コン,-ま.じり; こ.む; ま.ざる; ま.じる; ま.ぜる,
災,707D,7,N1,サイ,わざわ.い,
作,4F5C,7,N4,サ; サク,-づく.り; つく.り; つく.る,くり; さか; さっ; づくり; とも; なお; はぎ; まさか
散,6563,12,N3,サン,-ち.らす; ち.らかす; ち.らかる; ち.らす; ち.らばる; ち.る; ばら; ばら.ける,ちる
史,53F2,5,N2,シ,,あきら; あや; お; こ; ちか; とし; なか; のぶ; ひさ; ひと; ふみ
指,6307,9,N3,シ,-さ.し; さ.す; ゆび,い; いぶ; さし; さす
詞,8A5E,12,N2,シ,ことば,
持,6301,9,N4,ジ,-も.ち; も.つ; も.てる,もち; もつ
七,4E03,2,N5,シチ,なな; なな.つ; なの,し; しっ; な; ひち
車,8ECA,7,N5,シャ,くるま,くら; くろま
首,9996,9,N3,シュ,くび,おびと; こべ; す
拾,62FE,9,N2,シュウ; ジュウ,ひろ.う,
重,91CD,9,N4,ジュウ; チョウ,え; おも; おも.い; おも.なう; おも.り; かさ.なる; かさ.ねる,さね; しげ; しげる
処,51E6,5,N3,ショ,-こ; お.る; ところ,
勝,52DD,12,N3,ショウ,-が.ち; か.つ; かつ; すぐ.れる; まさ.る,かち; と; よし
照,7167,13,N2,ショウ,て.らす; て.る; て.れる,あき; てる
常,5E38,11,N3,ジョウ,つね; とこ-,とき; のぶ; ひ; ひた
心,5FC3,4,N4,シン,-ごころ; こころ,
進,9032,11,N3,シン,すす.む; すす.める,のぶ
勢,52E2,13,N2,セイ; ゼイ,いきお.い; はずみ,せ
精,7CBE,14,N3,ショウ; セイ,くわ.しい; しら.げる,きよ
石,77F3,5,N3,コク; シャク; セキ,いし,いさ; いす; いわ; し; せっく; と
説,8AAC,14,N3,セツ; ゼイ,と.く,さとし; とき
浅,6D45,9,N2,セン,あさ.い,あざ; さ
素,7D20,10,N1,ス; ソ,もと,
走,8D70,7,N4,ソウ,はし.る,はしり
足,8DB3,7,N4,ソク,あし; た.す; た.りる; た.る,あ; あす; おす; たらし
損,640D,13,N2,ソン,-そこ.なう; -そこ.ねる; そこ.なう; そこ.ねる; そこな.う,
態,614B,14,N1,タイ,わざ.と,
谷,8C37,7,N2,コク,きわ.まる; たに,がい; がえ; がや; せ; たり; たん; や
池,6C60,6,N2,チ,いけ,
注,6CE8,8,N4,チュウ,さ.す; そそ.ぐ; つ.ぐ,
調,8ABF,15,N3,チョウ,しら.べ; しら.べる; ととの.う; ととの.える,ぎ; つぎ
底,5E95,8,N2,テイ,そこ,
天,5929,4,N5,テン,あま-; あまつ; あめ,あき; あも; た; たかし; て; なま
都,90FD,11,N3,ツ; ト,みやこ,くに; ず; ち; づめ; みや
湯,6E6F,12,N2,トウ,ゆ,
同,540C,6,N4,ドウ,おな.じ,
独,72EC,9,N1,トク; ドク,ひと.り,どいつ; どっ
入,5165,2,N5,ジュ; ニュウ,-い.り; -い.る; -い.れ; い.る; い.れる; はい.る,いり; いる; に; の; りり
波,6CE2,8,N2,ハ,なみ,ひら; みな; みなみ; わ
博,535A,12,N1,ハク; バク,,ぐれ; と; はか; ひろ
版,7248,8,N2,ハン,,
非,975E,8,N3,ヒ,あら.ず,
氷,6C37,5,N2,ヒョウ,こお.る; こおり; ひ,すい
夫,592B,4,N3,フ; フウ; ブ,おっと; それ,お; と; ゆう; よ
復,5FA9,12,N2,フク,また,
文,6587,4,N4,ブン; モン,あや; ふみ,かざり; ふ; も
返,8FD4,7,N3,ヘン,-かえ.す; -かえ.る; かえ.す; かえ.る,
報,5831,12,N3,ホウ,むく.いる,
牧,7267,8,N1,ボク,まき,ま; まい; もく
民,6C11,5,N3,ミン,たみ,ひと; み
面,9762,9,N3,ベン; メン,おも; おもて; つら,お; ずら; ほおつき; も
薬,85AC,16,N3,ヤク,くすり,み
予,4E88,4,N3,シャ; ヨ,あらかじ.め,
陽,967D,12,N3,ヨウ,ひ,あき; あきら; あけ; はる; ひろ; やん; よ
律,5F8B,9,N2,リチ; リツ; レツ,,たかし; のり
量,91CF,12,N2,リョウ,はか.る,かず
冷,51B7,7,N3,レイ,さ.ます; さ.める; つめ.たい; ひ.える; ひ.や; ひ.やかす; ひ.やす; ひ.ややか,
録,9332,16,N2,ロク,しる.す; と.る,
依,4F9D,8,N2,イ; エ,よ.る,よ; より
育,80B2,8,N3,イク,そだ.ち; そだ.つ; そだ.てる; はぐく.む,やす
雨,96E8,8,N5,ウ,-さめ; あま-; あめ,
益,76CA,10,N1,エキ; ヤク,ま.す,まし; ます
応,5FDC,7,N1,-ノウ; オウ; ヨウ,あた.る; こた.える; まさに,お; たか; まさ
化,5316,4,N3,カ; ケ,け.する; ば.かす; ば.ける; ふ.ける,
歌,6B4C,14,N4,カ,うた; うた.う,
芽,82BD,8,N1,ガ,め,じ; めぐ
絵,7D75,12,N3,エ; カイ,,
覚,899A,12,N3,カク,おぼ.える; さ.ます; さ.める; さと.る,
勧,52E7,13,N1,カン; ケン,すす.める,
間,9593,12,N5,カン; ケン,あい; あいだ; ま,ちか; は; はざ; はし
基,57FA,11,N1,キ,もと; もとい,きい; とも
紀,7D00,9,N1,キ,,おさむ; ただす; とし; とも; のり; もと
逆,9006,9,N2,ギャク; ゲキ,さか; さか.さ; さか.らう,
給,7D66,12,N3,キュウ,-たま.え; たま.う; たも.う,きい
供,4F9B,8,N3,キョウ; ク; クウ; グ,-ども; そな.える; とも,
業,696D,13,N4,ギョウ; ゴウ,わざ,なり; のぶ
銀,9280,14,N4,ギン,しろがね,うん; かな; かね
軍,8ECD,9,N2,グン,いくさ,
計,8A08,9,N4,ケイ,はか.らう; はか.る,え; かず; け
健,5065,11,N1,ケン,すこ.やか,かつ; たけ; たけし; たて; とし; やす; やすし
県,770C,9,N2,ケン,か.ける,あがた; がた
限,9650,9,N3,ゲン,-かぎ.り; かぎ.り; かぎ.る,
午,5348,4,N5,ゴ,うま,
効,52B9,8,N2,コウ,き.く; ききめ; なら.う,
校,6821,10,N5,キョウ; コウ,,めん
高,9AD8,10,N5,コウ,-だか; たか; たか.い; たか.まる; たか.める,か; こ; じょい; た; はか
左,5DE6,5,N5,サ; シャ,ひだり,そ
祭,796D,11,N2,サイ,まつ.り; まつ.る; まつり,
昨,6628,9,N3,サク,,
産,7523,11,N3,サン,う.まれる; う.む; うぶ-; む.す,もと
四,56DB,5,N5,シ,よ; よ.つ; よっ.つ; よん,あ; つ; よつ
支,652F,4,N3,シ,か.う; ささ.える; つか.える,
詩,8A69,13,N1,シ,うた,
時,6642,10,N5,ジ,-どき; とき,と; とぎ
失,5931,5,N3,シツ,う.せる; うしな.う,
借,501F,10,N4,シャク,か.りる,
受,53D7,8,N3,ジュ,-う.け; う.かる; う.ける,じょ
秋,79CB,9,N4,シュウ,あき; とき,あい
宿,5BBF,11,N3,シュク,やど; やど.す; やど.る,すく; ぶすき; やけ
初,521D,7,N3,ショ,-そ.める; -ぞ.め; うい-; はじ.め; はじ.めて; はつ; はつ-,し; はっ
商,5546,11,N3,ショウ,あきな.う,あき
省,7701,9,N2,ショウ; セイ,かえり.みる; はぶ.く,さとし; み
情,60C5,11,N3,ジョウ; セイ,なさ.け,
新,65B0,13,N4,シン,あたら.しい; あら-; あら.た; にい-,あせ; あたらし; し; に; にっ; につ; よし
人,4EBA,2,N5,ジン; ニン,-と; -り; ひと,じ; と; ね; ひこ; ふみ
性,6027,8,N3,ショウ; セイ,さが,
聖,8056,13,N1,ショウ; セイ,ひじり,きよ; さと; さとし; せ; たか; ただ; ひろ; まさ; み
積,7A4D,16,N3,セキ,-づ.み; つ.む; つ.もり; つ.もる,か; さか; しゃこ; ずみ; つみ
雪,96EA,11,N3,セツ,ゆき,せっ; ぶき
線,7DDA,15,N2,セン,すじ,
組,7D44,11,N3,ソ,-ぐみ; く.む; くみ,
送,9001,9,N4,ソウ,おく.る,
速,901F,10,N3,ソク,すみ.やか; はや-; はや.い; はや.める,わ
村,6751,7,N2,ソン,むら,え; むた; ら
貸,8CB8,12,N4,タイ,か.し-; か.す; かし-,
単,5358,9,N3,タン,ひとえ,
置,7F6E,13,N3,チ,-お.き; お.く,おき; おけ; き
虫,866B,6,N2,キ; チュウ,むし,む
長,9577,8,N5,チョウ,おさ; なが.い,お; おしゃ; たかし; たけ; な; は; ひさ
庭,5EAD,10,N3,テイ,にわ,ば
展,5C55,10,N1,テン,,のぶ; のり; ひろ; ゆき
努,52AA,7,N3,ド,つと.める,
燈,71C8,16,,トウ,あかり; とも.す; ともしび; ひ; ほ-,
堂,5802,11,N4,ドウ,,
読,8AAD,14,N5,トウ; トク; ドク,-よ.み; よ.む,よみ
任,4EFB,6,N3,ニン,まか.す; まか.せる,さ; とう; ひで
派,6D3E,9,N1,ハ,,
白,767D,5,N5,ハク; ビャク,しら-; しろ; しろ.い,あき; か; はっ
犯,72AF,5,N3,ハン; ボン,おか.す,
飛,98DB,9,N3,ヒ,-と.ばす; と.ばす; と.ぶ,あす; とび
票,7968,11,N1,ヒョウ,,
婦,5A66,11,N3,フ,よめ,ね
幅,5E45,12,N2,フク,はば,
聞,805E,14,N5,ブン; モン,き.く; き.こえる,
便,4FBF,9,N3,ビン; ベン,たよ.り,
放,653E,8,N3,ホウ,-っぱな.し; こ.く; はな.す; はな.つ; はな.れる; ほう.る,はなれ
本,672C,5,N5,ホン,もと,ごう; まと
務,52D9,11,N3,ム,つと.める,つかさ; み
毛,6BDB,4,N2,モウ,け,めん; も
訳,8A33,11,N1,ヤク,わけ,
余,4F59,7,N3,ヨ,あま.す; あま.り; あま.る; あんま.り,あまる
養,990A,15,N1,ヨウ; リョウ,やしな.う,や
率,7387,11,N1,シュツ; ソツ; リツ,ひき.いる,
領,9818,14,N2,リョウ,えり,よう; よし
礼,793C,5,N3,ライ; レイ,,あや; なり; のり; ひろし; れ
論,8AD6,15,N3,ロン,あげつら.う,
囲,56F2,7,N2,イ,かこ.い; かこ.う; かこ.む,
一,4E00,1,N5,イチ; イツ,ひと-; ひと.つ,い; いっ; いる; かず; かつ; かづ; てん; はじめ; ひ; ひとつ; まこと
運,904B,12,N4,ウン,はこ.ぶ,
駅,99C5,14,N4,エキ,,
横,6A2A,15,N3,オウ,よこ,
仮,4EEE,6,N1,カ; ケ,かり; かり-,
河,6CB3,8,N2,カ,かわ,かっ; こ; こう
賀,8CC0,12,N1,ガ,,か; のり; よし; より
角,89D2,7,N2,カク,かど; つの,い; す; すみ; ずみ; ふさ
完,5B8C,7,N3,カン,,
関,95A2,14,N3,カン,-ぜき; かか.わる; からくり; かんぬき; せき,
寄,5BC4,11,N3,キ,-よ.り; よ.せる; よ.る,よせ; より; よろ
規,898F,11,N3,キ,,すのり; ただし; のり; み
久,4E45,3,N2,キュウ; ク,ひさ.しい,きゅ; なが; ひさ; ひさし; わ
旧,65E7,5,N2,キュウ,ふる.い; もと,
競,7AF6,20,N2,キョウ; ケイ,きそ.う; くら.べる; せ.る,かい; わたなべ
局,5C40,7,N3,キョク,つぼね,
九,4E5D,2,N5,キュウ; ク,ここの; ここの.つ,いちじく; いちのく; この; ひさし
郡,90E1,10,N1,グン,こおり,
軽,8EFD,12,N2,キョウ; キン; ケイ,かる.い; かろ.やか; かろ.んじる,
兼,517C,10,N1,ケン,-か.ねる; か.ねる,かね
見,898B,7,N5,ケン,み.える; み.せる; み.る,
個,500B,10,N2,カ; コ,,
後,5F8C,9,N5,コウ; ゴ,あと; うし.ろ; うしろ; おく.れる; のち,こし; し; しい; しり
厚,539A,9,N2,コウ,あか; あつ.い,あ; あっ
構,69CB,14,N3,コウ,かま.う; かま.える,とち
号,53F7,5,N3,ゴウ,さけ.ぶ; よびな,
差,5DEE,10,N3,サ,さ.し; さ.す,
細,7D30,11,N2,サイ,こま.か; こま.かい; ほそ.い; ほそ.る,
策,7B56,12,N1,サク,,
算,7B97,14,N2,サン,そろ,
士,58EB,3,N1,シ,さむらい,お; ま
止,6B62,4,N4,シ,-さ.し; -さ.す; -と.める; -ど.まり; -ど.め; -や.む; と.まる; と.める; とど.まる; とど.め; とど.める; や.む; や.める; よ.す,どめ
試,8A66,13,N4,シ,こころ.みる; ため.す,
次,6B21,6,N3,シ; ジ,つ.ぐ; つぎ,き; すき; つぐ; よし
室,5BA4,9,N4,シツ,むろ,
釈,91C8,11,N1,シャク; セキ,す.てる; とく; ゆる.す,しゃ
授,6388,11,N1,ジュ,さず.かる; さず.ける,
終,7D42,11,N4,シュウ,-お.わる; お.える; お.わる; おわ.る; つい; つい.に,ばて
祝,795D,9,N2,シュウ; シュク,いわ.う,のり; ほぎ; ゆわい
所,6240,8,N3,ショ,-ところ; とこ; ところ; どころ,せ
唱,5531,11,N1,ショウ,とな.える,
称,79F0,10,N1,ショウ,あ.げる; かな.う; たた.える; とな.える; はか.り; はか.る; ほめ.る,ね
条,6761,7,N1,ジョウ; チョウ; デキ,えだ; すじ,
森,68EE,12,N2,シン,もり,もと
仁,4EC1,4,N1,ジン; ニ; ニン,,きみ; く; さと; しのぶ; じ; と; のり; ひと; ひとし; ひろ; まさ; まさし; やす; よし
成,6210,6,N3,ジョウ; セイ,-な.す; な.す; な.る,あき; あきら; しげ; そん; たえ; なお; なり; なる; のり; ひら; まさ; よし; り
声,58F0,7,N3,ショウ; セイ,こえ; こわ-,
績,7E3E,17,N2,セキ,,み
絶,7D76,12,N3,ゼツ,た.える; た.つ; た.やす,
船,8239,11,N3,セン,ふな-; ふね,ふ
創,5275,12,N1,ショウ; ソウ,きず; けず.しける; つく.る; はじ.める,はじめ
像,50CF,14,N2,ゾウ,,かた
俗,4FD7,9,N1,ゾク,,
他,4ED6,5,N3,タ,ほか,
退,9000,9,N3,タイ,しりぞ.く; しりぞ.ける; ど.く; の.く; の.ける; ひ.く,
炭,70AD,9,N2,タン,すみ,
築,7BC9,16,N2,チク,きず.く,つい; つき; つく; づき
著,8457,11,N2,チャク; チョ,あらわ.す; いちじる.しい,
鳥,9CE5,11,N4,チョウ,とり,か; と; とっ
弟,5F1F,7,N4,ダイ; テイ; デ,おとうと,て
店,5E97,8,N4,テン,たな; みせ,
度,5EA6,9,N4,タク; ト; ド,-た.い; たび,のり
当,5F53,6,N3,トウ,あ.たり; あ.たる; あ.て; あ.てる; まさ.に; まさ.にべし,たい
導,5C0E,15,N2,ドウ,みちび.く,みち
届,5C4A,8,N2,カイ,-とど.け; とど.く; とど.ける,
認,8A8D,14,N3,ニン,したた.める; みと.める,
破,7834,10,N3,ハ,やぶ.る; やぶ.れる; わ.れる,
麦,9EA6,7,N2,バク,むぎ,
飯,98EF,12,N4,ハン,めし,い; いい; いり; え
備,5099,12,N3,ビ,そな.える; そな.わる; つぶさ.に,びっ; びん
表,8868,8,N3,ヒョウ,-おもて; あら.わす; あらわ.す; あらわ.れる; おもて,
富,5BCC,12,N3,フ; フウ,と.む; とみ,と; とん; ふっ
服,670D,8,N4,フク,,はっ; はつ; はら
兵,5175,7,N2,ヒョウ; ヘイ,つわもの,へ
勉,52C9,10,N4,ベン,つと.める,ひこ; やつ
方,65B9,4,N4,ホウ,-かた; -がた; かた,から; な; なた; ふさ; まさ; みち; も; わ
妹,59B9,8,N4,マイ,いもうと,す; せ; も
無,7121,12,,ブ; ム,な.い,
木,6728,4,N5,ボク; モク,き; こ-,ぐ; も; もと
油,6CB9,8,N2,ユ; ユウ,あぶら,
預,9810,13,N2,ヨ,あず.かる; あず.ける,
欲,6B32,11,N3,ヨク,ほ.しい; ほっ.する,
立,7ACB,5,N4,リットル; リツ; リュウ,-た.つ; -た.て; -た.てる; -だ.て; -だ.てる; た.ち-; た.つ; た.て-; た.てる; たて-,たち; たっ; たつ; だて; つい
力,529B,2,N4,リイ; リキ; リョク,ちから,じから; つとむ
歴,6B74,14,N2,レキ; レッキ,,
和,548C,8,N3,オ; カ; ワ,あ.える; なご.む; なご.やか; やわ.らぐ; やわ.らげる,あい; いず; かず; かつ; かつり; かづ; たけ; ち; とも; な; にぎ; まさ; やす; よし; より; わだこ; わっ
